label	url
Add a payment method for a tenantpost	https://revenium.readme.io/reference/addpaymentmethod
AI Alert	https://revenium.readme.io/reference/ai-alert
AI Alerts Budget	https://revenium.readme.io/reference/ai-alerts-budget
AI Anomaly	https://revenium.readme.io/reference/ai-anomaly
AI Audio Metering	https://revenium.readme.io/reference/ai-audio-metering
AI Audio Metrics	https://revenium.readme.io/reference/ai-audio-metrics
AI Completion Metrics	https://revenium.readme.io/reference/ai-completion-metrics
AI Image Metering	https://revenium.readme.io/reference/ai-image-metering
AI Image Metrics	https://revenium.readme.io/reference/ai-image-metrics
AI Metering	https://revenium.readme.io/reference/ai-metering
AI Metrics	https://revenium.readme.io/reference/ai-metrics
AI Model Pricing	https://revenium.readme.io/reference/ai-model-pricing
AI Models	https://revenium.readme.io/reference/ai-models
AI Traces	https://revenium.readme.io/reference/ai-traces
AI Video Metering	https://revenium.readme.io/reference/ai-video-metering
AI Video Metrics	https://revenium.readme.io/reference/ai-video-metrics
Analytics	https://revenium.readme.io/reference/analytics
API Keys	https://revenium.readme.io/reference/api-keys
API Metering	https://revenium.readme.io/reference/api-metering
API Metrics	https://revenium.readme.io/reference/api-metrics
AI Model Pricing	https://revenium.readme.io/reference/batch_save_pricing_dimensions
Billing Analytics	https://revenium.readme.io/reference/billing-analytics
Delete multiple AI Metricsdel	https://revenium.readme.io/reference/bulk_delete_ai_metrics
Chart Builder	https://revenium.readme.io/reference/chart-builder
Chart Definitions	https://revenium.readme.io/reference/chart-definitions
Clear all AI Anomaliesdel	https://revenium.readme.io/reference/clear_all_ai_anomalies
Clone a Global AI Modelpost	https://revenium.readme.io/reference/clone_ai_model
Coding Assistant	https://revenium.readme.io/reference/coding-assistant
Create a New AI Anomalypost	https://revenium.readme.io/reference/create_ai_anomaly
AI Models	https://revenium.readme.io/reference/create_ai_model
Create a new API Keypost	https://revenium.readme.io/reference/create_api_key
Create chart definitionpost	https://revenium.readme.io/reference/create_chart_definition
Create a Credentialpost	https://revenium.readme.io/reference/create_credential
Create a new Metering Element Definitionpost	https://revenium.readme.io/reference/create_metering_element_definition
Create a Notification Configurationpost	https://revenium.readme.io/reference/create_notification_configuration
Create a new Organizationpost	https://revenium.readme.io/reference/create_organization
Create a New Payment Receivedpost	https://revenium.readme.io/reference/create_payment_received
Create Pricing Dimensionpost	https://revenium.readme.io/reference/create_pricing_dimension
Create a new Productpost	https://revenium.readme.io/reference/create_product
Create a new Provider Credentialpost	https://revenium.readme.io/reference/create_provider_credential
Create a new S3 Export Destinationpost	https://revenium.readme.io/reference/create_s3_export_destination
Create a Slack configurationpost	https://revenium.readme.io/reference/create_slack_configuration
Create a new Sourcepost	https://revenium.readme.io/reference/create_source
Create a new Subscriberpost	https://revenium.readme.io/reference/create_subscriber
Create a new Subscriptionpost	https://revenium.readme.io/reference/create_subscription
Create a new Teampost	https://revenium.readme.io/reference/create_team
Create a Toolpost	https://revenium.readme.io/reference/create_tool
Create a new Userpost	https://revenium.readme.io/reference/create_user
Credentials	https://revenium.readme.io/reference/credentials
Delete an AI Anomalydel	https://revenium.readme.io/reference/delete_ai_anomaly
Delete an AI Completion Metricdel	https://revenium.readme.io/reference/delete_ai_completion_metric
Delete multiple AI Completion Metricsdel	https://revenium.readme.io/reference/delete_ai_completion_metrics_bulk
Delete an AI Metricdel	https://revenium.readme.io/reference/delete_ai_metric
Delete an AI Modeldel	https://revenium.readme.io/reference/delete_ai_model
Delete a API Keydel	https://revenium.readme.io/reference/delete_api_key
Delete chart definitiondel	https://revenium.readme.io/reference/delete_chart_definition
Delete a Credentialdel	https://revenium.readme.io/reference/delete_credential
Delete a Metering Element Definitiondel	https://revenium.readme.io/reference/delete_metering_element_definition
Delete a Notification Configurationdel	https://revenium.readme.io/reference/delete_notification_configuration
Delete an organizationdel	https://revenium.readme.io/reference/delete_organization
Delete a Payment Receiveddel	https://revenium.readme.io/reference/delete_payment_received
Delete Pricing Dimensiondel	https://revenium.readme.io/reference/delete_pricing_dimension
Delete a Productdel	https://revenium.readme.io/reference/delete_product
Delete a Product's Logodel	https://revenium.readme.io/reference/delete_product_logo
Delete a Provider Credentialdel	https://revenium.readme.io/reference/delete_provider_credential
Delete an S3 Export Destinationdel	https://revenium.readme.io/reference/delete_s3_export_destination
Delete a Slack configurationdel	https://revenium.readme.io/reference/delete_slack_configuration
Delete a Sourcedel	https://revenium.readme.io/reference/delete_source
Delete a Source's Logodel	https://revenium.readme.io/reference/delete_source_logo
Delete a Subscriberdel	https://revenium.readme.io/reference/delete_subscriber
Delete a Subscriptiondel	https://revenium.readme.io/reference/delete_subscription
Delete a Teamdel	https://revenium.readme.io/reference/delete_team
Delete Team Logodel	https://revenium.readme.io/reference/delete_team_logo
Delete a Tooldel	https://revenium.readme.io/reference/delete_tool
Delete a Userdel	https://revenium.readme.io/reference/delete_user
Event Metering	https://revenium.readme.io/reference/event-metering
External System Log Metrics	https://revenium.readme.io/reference/external-system-log-metrics
Feature Flags	https://revenium.readme.io/reference/feature-flags
Filter Options	https://revenium.readme.io/reference/filter-options
Chart Builder	https://revenium.readme.io/reference/generate_chart_data
Get Agent Interaction Matrixget	https://revenium.readme.io/reference/get_agent_interaction_matrix
Get Agent Interactions Tableget	https://revenium.readme.io/reference/get_agent_interactions_table
Get AI Alertget	https://revenium.readme.io/reference/get_ai_alert
AI Anomaly	https://revenium.readme.io/reference/get_ai_anomaly
Get an AI Audio Metric by IDget	https://revenium.readme.io/reference/get_ai_audio_metric
Get an AI Completion Metric by its Unique Identifier.get	https://revenium.readme.io/reference/get_ai_completion_metric
Get prompt data for an AI completionget	https://revenium.readme.io/reference/get_ai_completion_prompts
Get reference data for AI completion metric search filtersget	https://revenium.readme.io/reference/get_ai_completion_reference_data
Get an AI Image Metric by IDget	https://revenium.readme.io/reference/get_ai_image_metric
Get an AI metric by IDget	https://revenium.readme.io/reference/get_ai_metric
Get AI Model Audit Historyget	https://revenium.readme.io/reference/get_ai_model_audit_history
Get an AI Model by Nameget	https://revenium.readme.io/reference/get_ai_model_by_name
Get Pricing for AI Modelget	https://revenium.readme.io/reference/get_ai_model_pricing
Get AI Model Ratesget	https://revenium.readme.io/reference/get_ai_model_rates
Get AI Trace Detail by IDget	https://revenium.readme.io/reference/get_ai_trace_detail
Get an AI Video Metric by IDget	https://revenium.readme.io/reference/get_ai_video_metric
Get anomalous tracesget	https://revenium.readme.io/reference/get_anomalous_traces
Get anomaly metric cardsget	https://revenium.readme.io/reference/get_anomaly_metrics
Get agent tool cost breakdownget	https://revenium.readme.io/reference/get_api-v2-analytics-agent-tool-breakdown
Analytics	https://revenium.readme.io/reference/get_api-v2-analytics-avg-time-by-agent
Get cost breakdown by agentget	https://revenium.readme.io/reference/get_api-v2-analytics-cost-by-agent
Get aggregated cost by agentget	https://revenium.readme.io/reference/get_api-v2-analytics-cost-by-agent-aggregated
Get cost breakdown by API keyget	https://revenium.readme.io/reference/get_api-v2-analytics-cost-by-api-key
Get aggregated cost by API keyget	https://revenium.readme.io/reference/get_api-v2-analytics-cost-by-api-key-aggregated
Get cost breakdown by modelget	https://revenium.readme.io/reference/get_api-v2-analytics-cost-by-model
Get aggregated cost by modelget	https://revenium.readme.io/reference/get_api-v2-analytics-cost-by-model-aggregated
Get cost breakdown by organizationget	https://revenium.readme.io/reference/get_api-v2-analytics-cost-by-organization
Get aggregated cost by organizationget	https://revenium.readme.io/reference/get_api-v2-analytics-cost-by-organization-aggregated
Get cost breakdown by productget	https://revenium.readme.io/reference/get_api-v2-analytics-cost-by-product
Get aggregated cost by productget	https://revenium.readme.io/reference/get_api-v2-analytics-cost-by-product-aggregated
Get cost breakdown by providerget	https://revenium.readme.io/reference/get_api-v2-analytics-cost-by-provider
Get aggregated cost by providerget	https://revenium.readme.io/reference/get_api-v2-analytics-cost-by-provider-aggregated
Get cost breakdown by teamget	https://revenium.readme.io/reference/get_api-v2-analytics-cost-by-team
Get cost breakdown by toolget	https://revenium.readme.io/reference/get_api-v2-analytics-cost-by-tool
Get tool cost by agentget	https://revenium.readme.io/reference/get_api-v2-analytics-cost-by-tool-agent
Get aggregated cost by toolget	https://revenium.readme.io/reference/get_api-v2-analytics-cost-by-tool-aggregated
Get cost breakdown by tool providerget	https://revenium.readme.io/reference/get_api-v2-analytics-cost-by-tool-provider
Get aggregated cost by tool providerget	https://revenium.readme.io/reference/get_api-v2-analytics-cost-by-tool-provider-aggregated
Get cost by vendorget	https://revenium.readme.io/reference/get_api-v2-analytics-cost-by-vendor
Get cost per customerget	https://revenium.readme.io/reference/get_api-v2-analytics-cost-per-customer
Get customer cost over timeget	https://revenium.readme.io/reference/get_api-v2-analytics-customer-cost
Get aggregated cost by customerget	https://revenium.readme.io/reference/get_api-v2-analytics-customer-cost-aggregated
Filter Options	https://revenium.readme.io/reference/get_api-v2-analytics-filter-options-agents
Get available API keysget	https://revenium.readme.io/reference/get_api-v2-analytics-filter-options-api-keys
Get available customersget	https://revenium.readme.io/reference/get_api-v2-analytics-filter-options-customers
Get available modelsget	https://revenium.readme.io/reference/get_api-v2-analytics-filter-options-models
Get available organizationsget	https://revenium.readme.io/reference/get_api-v2-analytics-filter-options-organizations
Get available productsget	https://revenium.readme.io/reference/get_api-v2-analytics-filter-options-products
Get available providersget	https://revenium.readme.io/reference/get_api-v2-analytics-filter-options-providers
Get available teamsget	https://revenium.readme.io/reference/get_api-v2-analytics-filter-options-teams
Get available tool providersget	https://revenium.readme.io/reference/get_api-v2-analytics-filter-options-tool-providers
Get available toolsget	https://revenium.readme.io/reference/get_api-v2-analytics-filter-options-tools
Get available vendorsget	https://revenium.readme.io/reference/get_api-v2-analytics-filter-options-vendors
Get iceberg cost breakdown by agentget	https://revenium.readme.io/reference/get_api-v2-analytics-iceberg-cost-by-agent
Get profit margin per customerget	https://revenium.readme.io/reference/get_api-v2-analytics-profit-margin-per-customer
Get profit margin per productget	https://revenium.readme.io/reference/get_api-v2-analytics-profit-margin-per-product
Get response time by modelget	https://revenium.readme.io/reference/get_api-v2-analytics-response-time-by-model
Get response time by vendorget	https://revenium.readme.io/reference/get_api-v2-analytics-response-time-by-vendor
Get revenue per customerget	https://revenium.readme.io/reference/get_api-v2-analytics-revenue-per-customer
Get revenue per productget	https://revenium.readme.io/reference/get_api-v2-analytics-revenue-per-product
Get task completion over timeget	https://revenium.readme.io/reference/get_api-v2-analytics-task-completion
Get aggregated task completion countget	https://revenium.readme.io/reference/get_api-v2-analytics-task-completion-aggregated
Get task performance by agentget	https://revenium.readme.io/reference/get_api-v2-analytics-task-performance-by-agent
Get tasks completed by agentget	https://revenium.readme.io/reference/get_api-v2-analytics-tasks-completed-by-agent
Get token vs tool cost comparisonget	https://revenium.readme.io/reference/get_api-v2-analytics-token-vs-tool-cost
Get tokens per minute by providerget	https://revenium.readme.io/reference/get_api-v2-analytics-tokens-per-minute
Get aggregated tokens per minuteget	https://revenium.readme.io/reference/get_api-v2-analytics-tokens-per-minute-aggregated
Get average tool latencyget	https://revenium.readme.io/reference/get_api-v2-analytics-tool-latency
Get tool success rateget	https://revenium.readme.io/reference/get_api-v2-analytics-tool-success-rate
Get top movers by cost changeget	https://revenium.readme.io/reference/get_api-v2-analytics-top-movers
Get top tools by call countget	https://revenium.readme.io/reference/get_api-v2-analytics-top-tools-by-call-count
Get trace-level cost distributionget	https://revenium.readme.io/reference/get_api-v2-analytics-trace-cost-distribution
API Keys	https://revenium.readme.io/reference/get_api_key
Get an API Metric by its Unique Identifier.get	https://revenium.readme.io/reference/get_api_metric
Get Budget Portfolio for Tenantget	https://revenium.readme.io/reference/get_budget_portfolio
AI Alerts Budget	https://revenium.readme.io/reference/get_budget_progress
Get Bulk Budget Progress for Multiple AI Anomaliesget	https://revenium.readme.io/reference/get_budget_progress_bulk
Get Call Count Metrics By Agentget	https://revenium.readme.io/reference/get_call_count_metrics_by_agent
Get Call Count Metrics By Agents Over Timeget	https://revenium.readme.io/reference/get_call_count_metrics_by_agents_over_time
Get available chart builder data optionsget	https://revenium.readme.io/reference/get_chart_builder_available_data
Chart Definitions	https://revenium.readme.io/reference/get_chart_definition
Get Circular Pattern Analysisget	https://revenium.readme.io/reference/get_circular_patterns
Get Conversion Funnelget	https://revenium.readme.io/reference/get_conversion_funnel
Get Cost By Credentialget	https://revenium.readme.io/reference/get_cost_by_credential
Get Cost by Model Over Timeget	https://revenium.readme.io/reference/get_cost_by_model_over_time
Get Cost By Trace Type Over Timeget	https://revenium.readme.io/reference/get_cost_by_trace_type_over_time
Get Cost Metric By Agentsget	https://revenium.readme.io/reference/get_cost_metric_by_agents
Get Cost Metric By Modelget	https://revenium.readme.io/reference/get_cost_metric_by_model
Get Cost Metric By Organizationget	https://revenium.readme.io/reference/get_cost_metric_by_organization
Get Cost Metric By Productget	https://revenium.readme.io/reference/get_cost_metric_by_product
Get Cost Metric By Provider Over Timeget	https://revenium.readme.io/reference/get_cost_metric_by_provider_over_time
Get Cost Metrics By Agents Over Timeget	https://revenium.readme.io/reference/get_cost_metrics_by_agent_over_time
Get Cost Metrics By Team Over Timeget	https://revenium.readme.io/reference/get_cost_metrics_by_team_over_time
Get Cost Metrics By Trace Typeget	https://revenium.readme.io/reference/get_cost_metrics_by_trace_type
Get Provider Coverage Ratioget	https://revenium.readme.io/reference/get_coverage_ratio
Credentials	https://revenium.readme.io/reference/get_credential
Get Credential Format Helpget	https://revenium.readme.io/reference/get_credential_format_help
Get Critical Path Analysisget	https://revenium.readme.io/reference/get_critical_path
Get the User Associated with the Current Security Contextget	https://revenium.readme.io/reference/get_current_user
Get Efficiency (Transaction Count) By Trace Type Over Timeget	https://revenium.readme.io/reference/get_efficiency_by_trace_type_over_time
Get Efficiency Metrics By Trace Typeget	https://revenium.readme.io/reference/get_efficiency_metrics_by_trace_type
Get an External System Log by its Unique Identifier.get	https://revenium.readme.io/reference/get_external_system_log
Feature Flags	https://revenium.readme.io/reference/get_feature_flags
Get an Internal System Log by its Unique Identifier.get	https://revenium.readme.io/reference/get_internal_system_log
Get an Invoice by IDget	https://revenium.readme.io/reference/get_invoice
Get Jobget	https://revenium.readme.io/reference/get_job
Get Job ROIget	https://revenium.readme.io/reference/get_job_roi
Get Job Transactionsget	https://revenium.readme.io/reference/get_job_transactions
Get Job Typesget	https://revenium.readme.io/reference/get_job_types
Metering Element Definitions	https://revenium.readme.io/reference/get_metering_element_definition
Get Metric from AI Anomalyget	https://revenium.readme.io/reference/get_metric_from_builder
Notification Configurations	https://revenium.readme.io/reference/get_notification_configuration
Organizations	https://revenium.readme.io/reference/get_organization
Retrieve all Tags Associated with an Organizationget	https://revenium.readme.io/reference/get_organization_tags
Payment Received	https://revenium.readme.io/reference/get_payment_received
Get Percentage Revenue Metric By Organizationget	https://revenium.readme.io/reference/get_percentage_revenue_metric_by_organization
Get Percentage Revenue Metric By Productget	https://revenium.readme.io/reference/get_percentage_revenue_metric_by_product
Get Performance By Trace Type Over Timeget	https://revenium.readme.io/reference/get_performance_by_trace_type_over_time
Get Performance Metrics By Modelget	https://revenium.readme.io/reference/get_performance_metric_by_model
Get Performance Metrics By Agentget	https://revenium.readme.io/reference/get_performance_metrics_by_agent
Get Performance Metrics By Providerget	https://revenium.readme.io/reference/get_performance_metrics_by_provider
Get Performance Metrics By Trace Typeget	https://revenium.readme.io/reference/get_performance_metrics_by_trace_type
Get a Period Charge by IDget	https://revenium.readme.io/reference/get_period_charge
Get Pricing Coverageget	https://revenium.readme.io/reference/get_pricing_coverage
Products	https://revenium.readme.io/reference/get_product
Get Product Audit Historyget	https://revenium.readme.io/reference/get_product_audit_history
Provider Credentials	https://revenium.readme.io/reference/get_provider_credential
Get Revenue Metric By Organizationget	https://revenium.readme.io/reference/get_revenue_metric_by_organization
Get Revenue Metric By Productget	https://revenium.readme.io/reference/get_revenue_metric_by_product
S3 Export Destinations	https://revenium.readme.io/reference/get_s3_export_destination
Slack Configurations	https://revenium.readme.io/reference/get_slack_configuration
Sources	https://revenium.readme.io/reference/get_source
Get Source Audit Historyget	https://revenium.readme.io/reference/get_source_audit_history
Get Squad Detailget	https://revenium.readme.io/reference/get_squad_detail
Get Squad Timelineget	https://revenium.readme.io/reference/get_squad_timeline
Subscribers	https://revenium.readme.io/reference/get_subscriber
Get a Subscriber by Email Addressget	https://revenium.readme.io/reference/get_subscriber_by_email
Subscriptions	https://revenium.readme.io/reference/get_subscription
Get the Total Amount Billed for a Subscriptionget	https://revenium.readme.io/reference/get_subscription_billed_amount
Get the Total Quota consumed for a Subscriptionget	https://revenium.readme.io/reference/get_subscription_quota_consumed
Teams	https://revenium.readme.io/reference/get_team
Get Team Prompt Settingsget	https://revenium.readme.io/reference/get_team_prompt_settings
Retrieve all Tags Associated with a teamget	https://revenium.readme.io/reference/get_team_tags
Tenants	https://revenium.readme.io/reference/get_tenant
Get Tokens Per Minute by AI Providerget	https://revenium.readme.io/reference/get_tokens_per_minute_by_provider
Tools	https://revenium.readme.io/reference/get_tool
Get Tool by toolIdget	https://revenium.readme.io/reference/get_tool_by_tool_id
Get total AI cost tracked for a tenantget	https://revenium.readme.io/reference/get_total_ai_cost_tracked
Get Total Cost By Modelget	https://revenium.readme.io/reference/get_total_cost_by_model
Get Total Cost By Providerget	https://revenium.readme.io/reference/get_total_cost_by_provider
AI Metrics	https://revenium.readme.io/reference/get_total_cost_by_provider_over_time
Get Aggregated Trace Metricsget	https://revenium.readme.io/reference/get_trace_metrics
Get Trace Metrics By Modelget	https://revenium.readme.io/reference/get_trace_metrics_by_model
Get Trace Metrics By Organizationget	https://revenium.readme.io/reference/get_trace_metrics_by_organization
Get Trace Metrics By Userget	https://revenium.readme.io/reference/get_trace_metrics_by_user
Get Model Metrics Over Timeget	https://revenium.readme.io/reference/get_trace_model_metrics_over_time
Get Organization Metrics Over Timeget	https://revenium.readme.io/reference/get_trace_organization_metrics_over_time
Get Token Metrics Over Timeget	https://revenium.readme.io/reference/get_trace_tokens_over_time
AI Completion Metrics	https://revenium.readme.io/reference/get_trace_user_metrics_over_time
Get all agents for an teamget	https://revenium.readme.io/reference/get_unique_agents_for_team
Get all keys for an teamget	https://revenium.readme.io/reference/get_unique_keys_for_team
Get all model sources for a teamget	https://revenium.readme.io/reference/get_unique_model_sources_for_team
Get all model for an teamget	https://revenium.readme.io/reference/get_unique_models_for_team
Get all providers for an teamget	https://revenium.readme.io/reference/get_unique_providers_for_team
Get all task types for a teamget	https://revenium.readme.io/reference/get_unique_task_types_for_team
Users	https://revenium.readme.io/reference/get_user
Get a User by Email Addressget	https://revenium.readme.io/reference/get_user_by_email
Coding Assistant	https://revenium.readme.io/reference/getcodingassistantsubscription
Get payment methods for a tenantget	https://revenium.readme.io/reference/getpaymentmethods
Pricing	https://revenium.readme.io/reference/getpricingpage
Revenium API Overview	https://revenium.readme.io/reference/getting-started-with-your-api
Internal System Log Metrics	https://revenium.readme.io/reference/internal-system-log-metrics
Invoice	https://revenium.readme.io/reference/invoice
Returns if the data is connected or notget	https://revenium.readme.io/reference/is_connected
Jobs	https://revenium.readme.io/reference/jobs
AI Alert	https://revenium.readme.io/reference/list_ai_alerts
List AI Anomalyget	https://revenium.readme.io/reference/list_ai_anomalies
AI Audio Metrics	https://revenium.readme.io/reference/list_ai_audio_metrics
List AI Completion Metrics by teamget	https://revenium.readme.io/reference/list_ai_completion_metrics
AI Image Metrics	https://revenium.readme.io/reference/list_ai_image_metrics
List AI Modelsget	https://revenium.readme.io/reference/list_ai_models
AI Traces	https://revenium.readme.io/reference/list_ai_traces
AI Video Metrics	https://revenium.readme.io/reference/list_ai_video_metrics
List all AI metrics across all modalitiesget	https://revenium.readme.io/reference/list_all_ai_metrics
List API Keysget	https://revenium.readme.io/reference/list_api_keys
List API Key Analyticsget	https://revenium.readme.io/reference/list_api_keys_1
API Metrics	https://revenium.readme.io/reference/list_api_metrics
List chart definitionsget	https://revenium.readme.io/reference/list_chart_definitions
List Credentialsget	https://revenium.readme.io/reference/list_credentials
List Credentials for a Userget	https://revenium.readme.io/reference/list_credentials_for_user
List Derived Source Metrics for a Userget	https://revenium.readme.io/reference/list_derived_source_metrics_for_user
Get Executions for Squadget	https://revenium.readme.io/reference/list_executions_by_squad
Invoice	https://revenium.readme.io/reference/list_invoices
List Invoices for a Userget	https://revenium.readme.io/reference/list_invoices_for_user
List Jobsget	https://revenium.readme.io/reference/list_jobs
List Metering Element Definitions by Teamget	https://revenium.readme.io/reference/list_metering_elements
List Model Efficiency Metricsget	https://revenium.readme.io/reference/list_models
Get a List of Configurationsget	https://revenium.readme.io/reference/list_notification_configurations
List Organizationsget	https://revenium.readme.io/reference/list_organizations
List Child Organizationsget	https://revenium.readme.io/reference/list_organizations_by_parent
List Payments Receivedget	https://revenium.readme.io/reference/list_payments_received
Period Charges	https://revenium.readme.io/reference/list_period_charges
List Period charges for a Userget	https://revenium.readme.io/reference/list_period_charges_for_user
List Product Resource Usageget	https://revenium.readme.io/reference/list_product_resource_usage
List Product Resource Usageget	https://revenium.readme.io/reference/list_product_resource_usage_1
List Productsget	https://revenium.readme.io/reference/list_products
List Provider Credentialsget	https://revenium.readme.io/reference/list_provider_credentials
List S3 Export Destinationsget	https://revenium.readme.io/reference/list_s3_export_destinations
List Slack configurationsget	https://revenium.readme.io/reference/list_slack_configurations
Get a List of Slack Configurationsget	https://revenium.readme.io/reference/list_slack_notification_configurations
List Sourcesget	https://revenium.readme.io/reference/list_sources
Squads	https://revenium.readme.io/reference/list_squad_executions
Get Squadsget	https://revenium.readme.io/reference/list_squads
List Subscribersget	https://revenium.readme.io/reference/list_subscribers
List Subscriptionsget	https://revenium.readme.io/reference/list_subscriptions
List Subscriptions for a Userget	https://revenium.readme.io/reference/list_subscriptions_for_user
External System Log Metrics	https://revenium.readme.io/reference/list_system_log_external
Internal System Log Metrics	https://revenium.readme.io/reference/list_system_log_internal
List Teamsget	https://revenium.readme.io/reference/list_teams
List Child Teamsget	https://revenium.readme.io/reference/list_teams_by_parent
List Toolsget	https://revenium.readme.io/reference/list_tools
List Usersget	https://revenium.readme.io/reference/list_users
Billing Analytics	https://revenium.readme.io/reference/list_workspace_metrics
List Workspacesget	https://revenium.readme.io/reference/list_workspaces
Tool Event Metrics	https://revenium.readme.io/reference/listtoolevents
JSON / Text / Markdown / OAS API Spec	https://revenium.readme.io/reference/llm-agent-friendly-api-specs-for-revenium
Jump to Content	https://revenium.readme.io/reference/llm-agent-friendly-api-specs-for-revenium#content
Full OAS Documents	https://revenium.readme.io/reference/llm-agent-friendly-api-specs-for-revenium#full-oas-documents
LLM Agents Start Here	https://revenium.readme.io/reference/llm-agent-friendly-api-specs-for-revenium#llm-agents-start-here
Skip link to Full OAS Documents	https://revenium.readme.io/reference/llm-agent-friendly-api-specs-for-revenium\#full-oas-documents
Skip link to LLM Agents Start Here	https://revenium.readme.io/reference/llm-agent-friendly-api-specs-for-revenium\#llm-agents-start-here
AI Audio Metering	https://revenium.readme.io/reference/meter_ai_audio
AI Metering	https://revenium.readme.io/reference/meter_ai_completion
AI Image Metering	https://revenium.readme.io/reference/meter_ai_images
AI Video Metering	https://revenium.readme.io/reference/meter_ai_video
Meter an API requestpost	https://revenium.readme.io/reference/meter_api_request
API Metering	https://revenium.readme.io/reference/meter_api_response
Event Metering	https://revenium.readme.io/reference/meter_event
Tool Metering	https://revenium.readme.io/reference/meter_tool_event
Metering Element Definitions	https://revenium.readme.io/reference/metering-element-definitions
Notification Configurations	https://revenium.readme.io/reference/notification-configurations
Organizations	https://revenium.readme.io/reference/organizations-1
OTLP	https://revenium.readme.io/reference/otlp
Accept OTLP logspost	https://revenium.readme.io/reference/otlp_logs
Accept OTLP metricspost	https://revenium.readme.io/reference/otlp_metrics
Accept OTLP tracespost	https://revenium.readme.io/reference/otlp_traces
Accept unified OTLP datapost	https://revenium.readme.io/reference/otlp_unified
OTLP	https://revenium.readme.io/reference/otlp_unified_1
Update AI Model Pricingpatch	https://revenium.readme.io/reference/patch_ai_model_pricing
Patch a Subscriptionpatch	https://revenium.readme.io/reference/patch_subscription
Payment Received	https://revenium.readme.io/reference/payment-received
Period Charges	https://revenium.readme.io/reference/period-charges
Pricing	https://revenium.readme.io/reference/pricing
Products	https://revenium.readme.io/reference/products-1
Provider Credentials	https://revenium.readme.io/reference/provider-credentials
Jobs	https://revenium.readme.io/reference/report_job_outcome
S3 Export Destinations	https://revenium.readme.io/reference/s3-export-destinations
SDK	https://revenium.readme.io/reference/sdk
SDK	https://revenium.readme.io/reference/sdk_validate_key
Workspaces	https://revenium.readme.io/reference/set_workspace_revenium_name
Tenants	https://revenium.readme.io/reference/setdefaultpaymentmethod
Share	https://revenium.readme.io/reference/share
Share	https://revenium.readme.io/reference/share_by_email
Share image to Slackpost	https://revenium.readme.io/reference/share_image_to_slack
Share an image to Slack (Base64)post	https://revenium.readme.io/reference/share_image_to_slack_base64
Slack Configurations	https://revenium.readme.io/reference/slack-configurations
Source Configurations	https://revenium.readme.io/reference/source-configurations
Sources	https://revenium.readme.io/reference/sources
Squads	https://revenium.readme.io/reference/squads
Subscribers	https://revenium.readme.io/reference/subscribers
Subscriptions	https://revenium.readme.io/reference/subscriptions
Teams	https://revenium.readme.io/reference/teams
Tenants	https://revenium.readme.io/reference/tenants
Tenants	https://revenium.readme.io/reference/tenants-1
Test S3 Connectionpost	https://revenium.readme.io/reference/test_s3_connection
Tool Event Metrics	https://revenium.readme.io/reference/tool-event-metrics
Tool Metering	https://revenium.readme.io/reference/tool-metering
Tools	https://revenium.readme.io/reference/tools
Trigger Billing Data Refreshget	https://revenium.readme.io/reference/trigger_billing_refresh
Trigger Export Nowpost	https://revenium.readme.io/reference/trigger_export_now
Update a New AI Anomalyput	https://revenium.readme.io/reference/update_ai_anomaly
Update an AI Model (Not Supported)put	https://revenium.readme.io/reference/update_ai_model
Update a API Keyput	https://revenium.readme.io/reference/update_api_key
Update chart definitionput	https://revenium.readme.io/reference/update_chart_definition
Update a Credentialput	https://revenium.readme.io/reference/update_credential
Update a Metering Element Definitionput	https://revenium.readme.io/reference/update_metering_element_definition
Update a Notification Configurationput	https://revenium.readme.io/reference/update_notification_configuration
Update an Organizationput	https://revenium.readme.io/reference/update_organization
Update a Payment Receivedput	https://revenium.readme.io/reference/update_payment_received
Update Pricing Dimensionput	https://revenium.readme.io/reference/update_pricing_dimension
Update a Productput	https://revenium.readme.io/reference/update_product
Update a Product's Logopatch	https://revenium.readme.io/reference/update_product_logo
Update a Provider Credentialput	https://revenium.readme.io/reference/update_provider_credential
Update an S3 Export Destinationput	https://revenium.readme.io/reference/update_s3_export_destination
Update a Slack configurationput	https://revenium.readme.io/reference/update_slack_configuration
Update a Sourceput	https://revenium.readme.io/reference/update_source
Update the Logo of a Sourcepatch	https://revenium.readme.io/reference/update_source_logo
Update a Subscriberput	https://revenium.readme.io/reference/update_subscriber
Update a Subscriptionput	https://revenium.readme.io/reference/update_subscription
Update a Teamput	https://revenium.readme.io/reference/update_team
Update Team Logopatch	https://revenium.readme.io/reference/update_team_logo
Update Team Prompt Settingsput	https://revenium.readme.io/reference/update_team_prompt_settings
Update a Toolput	https://revenium.readme.io/reference/update_tool
Update a Userput	https://revenium.readme.io/reference/update_user
Update coding assistant subscriptionput	https://revenium.readme.io/reference/updatecodingassistantsubscription
Users	https://revenium.readme.io/reference/users-1
Workspaces	https://revenium.readme.io/reference/workspaces
